,price,bedrooms,bathrooms,size
0,1280000,3,2.5,1280
1,1199000,3,2.5,1354
2,538888,1,1.0,953
3,875000,2,2.0,1285
5,995000,2,1.5,1229
6,849000,2,1.0,878
7,1395000,3,2.0,1448
8,1650000,5,4.0,2427
9,1050000,3,3.5,1690
10,2198800,3,3.5,3719
11,1067888,3,2.0,1593
12,1150000,3,2.0,1593
13,190000,2,1.0,900
14,315800,2,2.0,1440
15,489000,2,1.5,949
16,9500000,4,6.0,4971
17,1498000,3,2.0,1170
18,2590000,3,2.0,1661
19,839999,3,1.5,1148
20,240000,2,2.0,1460
21,748800,2,2.0,1216
22,2199000,1,1.0,640
23,6998000,5,4.5,4699
24,3500000,3,2.0,1993
25,3500000,4,2.5,2225
26,3150000,3,3.5,3116
27,1999999,4,2.5,1926
29,3388000,3,2.5,2510
30,775000,2,2.0,1067
31,1395000,4,3.0,2212
32,2998000,3,3.0,3134
33,1198000,3,2.0,1303
34,2899000,7,6.0,3780
35,799000,1,1.0,540
36,2888888,5,3.5,4133
37,5680000,4,3.5,3253
38,7477000,5,4.5,5670
40,743000,3,2.0,1225
41,289900,3,2.0,1230
42,2550000,3,1.5,1500
43,525888,2,1.0,959
44,578000,1,1.0,720
45,1249900,2,2.0,1590
46,3295000,4,2.5,4190
47,285000,2,2.0,1245
48,655000,2,1.0,810
49,879900,2,2.0,1509
50,489900,3,1.0,1800
51,2300000,3,3.5,1858
52,1225000,3,2.0,1144
53,1390000,3,2.0,1384
54,5178000,5,5.0,4247
55,625000,1,1.0,895
56,2399000,4,3.0,1820
57,1299900,3,3.0,1550
58,1998000,4,2.5,2234
59,1690000,1,1.0,672
60,1699000,3,2.0,1632
61,3995000,4,3.0,3562
62,1049000,4,2.0,1230
63,1299000,3,2.0,1232
64,895000,2,1.5,1000
65,699000,2,1.0,852
66,1998000,4,3.5,2498
67,1599000,4,2.5,2124
68,2700000,3,2.0,1729
69,1175000,3,2.0,1824
70,698000,2,2.0,1091
71,1998888,3,2.0,1712
72,1299000,3,2.0,1576
73,1400000,3,2.0,1617
74,1595000,3,3.0,1980
75,1099000,3,2.0,1575
76,1879000,3,2.0,1326
77,2150000,5,3.5,3685
78,859000,2,2.0,1022
79,1699000,3,2.0,2400
80,430000,3,2.0,1620
81,1150000,3,2.0,1292
83,2322000,4,2.0,2304
84,1599999,3,2.0,1569
85,2649500,4,2.5,2762
86,1349000,4,2.0,2101
87,175000,2,1.0,800
88,1499000,3,3.0,2113
89,300000,2,2.0,1680
90,1688888,5,2.5,2697
91,7200000,4,2.5,3878
92,1750000,3,3.0,2122
93,895000,3,2.5,1668
94,1750000,5,2.0,2021
95,1399000,4,3.5,2386
96,765000,3,2.5,1740
97,2948000,6,4.5,3144
98,1598888,4,2.0,1321
99,1350000,3,2.0,1108
100,1025000,5,4.0,2003
101,1388000,3,2.0,1634
102,595000,1,1.0,720
103,1170000,3,2.0,1040
104,2650000,10,6.0,3961
106,999000,3,2.5,1360
107,860000,2,2.0,1311
108,1399000,4,3.0,1789
109,799999,2,2.0,1041
110,499000,2,1.0,994
111,291000,2,2.0,1423
112,998000,4,3.5,2671
113,1598000,4,3.0,2216
114,1250000,3,2.5,1470
115,599000,3,2.0,1308
116,1249999,2,2.5,1459
117,1498000,3,3.5,1600
118,292000,2,2.0,1096
119,954000,6,3.0,3164
120,4177000,4,4.5,3745
121,640000,3,2.0,1293
122,600000,2,1.0,1138
123,1475000,5,3.0,2771
124,998000,3,2.5,1658
125,9399000,5,4.0,6308
126,1338888,3,1.0,1315
127,649000,3,2.0,1032
128,1090000,4,2.0,1687
129,690000,3,2.0,974
130,998000,2,2.0,1371
131,2300000,3,2.5,3288
132,685000,3,2.5,1724
133,849000,2,1.0,1410
134,599000,3,1.5,1323
135,2199000,4,2.5,2317
136,399000,2,1.0,980
137,1199000,3,3.0,1150
138,998000,2,1.0,776
139,2275000,4,2.5,2673
140,2599000,4,2.0,2884
141,1698000,3,2.5,1798
142,999900,4,2.0,1283
143,1199000,3,2.5,1546
144,7198000,4,4.5,4831
145,1229888,3,1.5,1037
146,1395888,4,2.5,2293
147,3095000,3,3.5,2044
148,1399000,3,2.0,1080
149,2398000,4,3.0,2130
150,1625000,5,3.0,3328
151,899000,3,2.5,1163
152,3595000,3,2.0,2114
153,4995000,4,3.0,2591
154,799900,1,1.0,1012
155,4788000,4,5.5,3157
156,2100000,3,1.0,1476
157,2099000,4,2.0,1903
158,1275000,4,2.0,1342
159,999000,3,1.0,851
160,1598888,3,2.5,2201
161,2498000,3,2.0,1683
162,995000,3,3.0,1888
163,3288000,4,2.5,1868
164,599000,2,1.0,997
165,1428880,4,2.0,1843
166,2225000,4,2.5,2288
167,730000,2,2.0,1193
168,1569950,3,2.5,1728
169,2249000,1,1.5,1156
170,1799000,4,2.5,2048
171,549000,3,1.5,1404
172,770000,3,2.0,1397
173,829000,3,2.0,1354
174,1175000,2,2.5,1641
175,1488888,3,3.0,1743
176,1798000,4,2.0,1785
177,1050000,3,2.0,1232
178,275000,2,2.0,1440
179,4995000,4,3.5,3588
180,1699000,4,2.5,2060
181,5195000,5,3.5,3900
182,1258000,4,2.0,1345
183,395000,3,2.0,1643
184,865000,3,2.5,1508
185,1549000,5,3.0,2236
186,2850000,4,2.0,1607
187,2190000,3,2.0,1952
188,2388000,5,3.0,2338
190,1799000,3,2.0,1584
191,3899000,5,3.5,3782
192,928000,2,2.5,1334
193,1829000,4,4.0,2856
194,6200000,5,6.0,6295
195,1799950,3,2.0,2909
196,599000,3,1.0,1176
197,3195000,4,2.5,2794
198,836900,3,3.0,1410
199,1798000,3,2.0,1248
200,775000,2,2.0,1146
201,1698000,3,2.0,1408
203,786800,3,3.0,1410
204,1049000,3,2.0,1281
205,2599000,3,3.0,2457
206,1395000,3,2.0,1625
207,1501995,3,2.5,1948
208,940000,3,1.75,1526
209,1395000,2,2.0,1545
210,535000,2,2.0,1212
211,3700000,3,3.0,2814
212,1649000,3,2.0,2298
213,1098000,2,1.0,1087
214,1798000,3,2.0,1008
215,1348000,2,2.0,1437
216,685000,3,2.0,1287
217,1295000,5,3.0,3072
218,1399950,4,2.5,1867
219,1388888,4,2.5,2221
220,1988000,3,2.0,1266
221,3188000,5,4.0,3226
222,598000,3,1.5,1150
223,2225000,5,3.0,3367
224,1178000,2,2.0,1310
225,1699000,3,2.5,1925
226,739000,3,2.0,1464
227,591800,1,1.0,646
229,5180000,5,5.5,3780
230,1598000,3,3.0,1851
231,2800000,4,2.5,1758
232,1048000,2,1.5,998
234,1030000,3,2.5,2682
235,1410000,3,2.5,2201
236,1099000,3,2.0,1530
237,1500000,3,3.5,1560
238,1350000,3,3.5,1374
239,2798000,6,3.0,2584
240,724888,3,1.5,1156
242,1325000,3,2.0,1278
243,2898000,5,3.0,1937
244,849000,2,2.5,1310
245,899000,2,2.5,1360
246,1600000,3,2.0,1240
247,1550000,2,2.0,1960
248,529000,2,1.5,1112
249,1699999,4,2.0,1440
250,1300000,3,3.0,2370
251,1499950,4,2.5,1836
252,1679000,3,3.0,1590
253,1399000,4,2.5,1908
254,745000,3,2.0,1287
255,1325000,4,2.0,2144
257,1650000,3,2.5,2132
258,1998000,4,3.5,2040
259,1250000,3,2.5,1849
260,1998000,3,2.0,1645
261,2998000,5,4.0,2554
262,985000,3,1.5,1176
263,999998,4,2.0,1139
264,2250000,4,3.0,1306
265,525000,3,2.0,1602
266,1875000,3,2.0,1824
267,2385000,4,2.0,1834
268,1377000,3,1.0,1225
269,349950,3,2.0,1596
270,998800,2,2.5,1292
271,2294000,4,3.0,3024
272,859500,2,2.0,1140
273,938000,2,2.0,1803
274,1488888,4,4.0,2149
275,1295000,3,2.0,1470
276,510000,2,1.0,1020
277,1098000,3,1.0,1060
278,1698000,6,3.0,2043
279,1198000,4,2.0,1234
280,948000,2,1.0,914
281,3024055,5,5.5,5122
282,1475000,3,2.0,1260
283,2795000,4,2.5,2416
284,4499000,5,4.5,2672
285,740000,3,3.0,1201
286,3098665,5,5.5,5333
287,1498000,4,4.0,1784
288,1150000,3,2.0,2022
289,3200000,3,4.0,4000
290,2199000,4,3.0,2223
291,1650000,8,4.0,2880
292,2299000,4,2.5,1805
293,3288000,4,4.5,3136
294,3998000,4,2.5,2176
295,6750000,5,4.5,5166
296,2998888,4,3.0,2655
297,3698000,4,2.5,2670
298,1950000,3,2.0,2301
299,1698000,3,2.5,1226
300,1446469,2,2.5,1444
301,1999000,2,1.0,1222
302,1268888,3,2.5,1859
303,1499888,4,2.5,2567
304,2498000,2,1.0,1232
305,4800000,3,3.5,2780
306,1299888,3,3.5,1697
307,1280000,3,1.5,1265
308,1698000,2,1.0,1100
309,1395000,3,2.0,2050
310,1395000,2,1.0,1210
311,530000,2,1.0,798
312,1678000,2,1.0,930
313,1895000,2,2.0,1301
314,1295000,3,2.0,1639
315,854000,4,2.0,1654
316,3398000,4,3.0,1885
317,2250000,4,2.5,2963
318,1288000,3,2.5,1628
319,2780000,4,2.0,2476
320,1750000,5,3.5,2934
321,865000,3,2.0,1450
322,1100000,3,2.0,1184
323,2378999,4,2.5,2364
324,1200000,4,4.0,1930
325,2248000,4,2.5,1955
326,1138000,3,3.5,1712
327,1118000,3,1.0,1316
328,899999,3,1.0,1040
329,1498000,4,2.0,1236
330,839000,2,2.5,1473
331,1600000,4,2.5,1768
332,669000,3,1.0,1050
333,880000,3,2.5,1886
334,1500000,3,2.0,1108
335,1190000,3,2.0,1128
336,1299000,4,3.5,2126
337,589000,1,1.0,831
338,999000,6,3.0,3862
339,2300000,6,4.0,3096
340,595000,3,2.0,1176
341,490000,1,1.0,667
342,1999999,4,4.0,3231
343,615000,1,1.0,687
344,299000,2,2.0,1222
345,685000,1,1.0,868
347,510000,2,1.5,970
348,850000,5,3.0,3003
349,1350000,2,2.0,1211
350,1750000,5,3.5,2934
351,865000,3,2.0,1450
352,1100000,3,2.0,1184
353,2378999,4,2.5,2364
354,1200000,4,4.0,1930
355,2248000,4,2.5,1955
356,1138000,3,3.5,1712
357,1118000,3,1.0,1316
358,899999,3,1.0,1040
359,1498000,4,2.0,1236
360,839000,2,2.5,1473
361,1600000,4,2.5,1768
362,669000,3,1.0,1050
363,880000,3,2.5,1886
364,1500000,3,2.0,1108
365,1190000,3,2.0,1128
366,1299000,4,3.5,2126
367,589000,1,1.0,831
368,999000,6,3.0,3862
369,2300000,6,4.0,3096
370,595000,3,2.0,1176
371,490000,1,1.0,667
372,1999999,4,4.0,3231
373,615000,1,1.0,687
374,299000,2,2.0,1222
375,685000,1,1.0,868
377,510000,2,1.5,970
378,850000,5,3.0,3003
379,1350000,2,2.0,1211
380,1750000,5,3.5,2934
381,865000,3,2.0,1450
382,1100000,3,2.0,1184
383,2378999,4,2.5,2364
384,1200000,4,4.0,1930
385,2248000,4,2.5,1955
386,1138000,3,3.5,1712
387,1118000,3,1.0,1316
388,899999,3,1.0,1040
389,1498000,4,2.0,1236
390,839000,2,2.5,1473
391,1600000,4,2.5,1768
392,669000,3,1.0,1050
393,880000,3,2.5,1886
394,1500000,3,2.0,1108
395,1190000,3,2.0,1128
396,1299000,4,3.5,2126
397,589000,1,1.0,831
398,999000,6,3.0,3862
399,2300000,6,4.0,3096
400,595000,3,2.0,1176
401,490000,1,1.0,667
402,1999999,4,4.0,3231
403,615000,1,1.0,687
404,299000,2,2.0,1222
405,685000,1,1.0,868
407,510000,2,1.5,970
408,850000,5,3.0,3003
409,1350000,2,2.0,1211
410,1750000,5,3.5,2934
411,865000,3,2.0,1450
412,1100000,3,2.0,1184
413,2378999,4,2.5,2364
414,1200000,4,4.0,1930
415,2248000,4,2.5,1955
416,1138000,3,3.5,1712
417,1118000,3,1.0,1316
418,899999,3,1.0,1040
419,1498000,4,2.0,1236
420,839000,2,2.5,1473
421,1600000,4,2.5,1768
422,669000,3,1.0,1050
423,880000,3,2.5,1886
424,1500000,3,2.0,1108
425,1190000,3,2.0,1128
426,1299000,4,3.5,2126
427,589000,1,1.0,831
428,999000,6,3.0,3862
429,2300000,6,4.0,3096
430,595000,3,2.0,1176
431,490000,1,1.0,667
432,1999999,4,4.0,3231
433,615000,1,1.0,687
434,299000,2,2.0,1222
435,685000,1,1.0,868
437,510000,2,1.5,970
438,850000,5,3.0,3003
439,1350000,2,2.0,1211
440,1750000,5,3.5,2934
441,865000,3,2.0,1450
442,1100000,3,2.0,1184
443,2378999,4,2.5,2364
444,1200000,4,4.0,1930
445,2248000,4,2.5,1955
446,1138000,3,3.5,1712
447,1118000,3,1.0,1316
448,899999,3,1.0,1040
449,1498000,4,2.0,1236
450,839000,2,2.5,1473
451,1600000,4,2.5,1768
452,669000,3,1.0,1050
453,880000,3,2.5,1886
454,1500000,3,2.0,1108
455,1190000,3,2.0,1128
456,1299000,4,3.5,2126
457,589000,1,1.0,831
458,999000,6,3.0,3862
459,2300000,6,4.0,3096
460,595000,3,2.0,1176
461,490000,1,1.0,667
462,1999999,4,4.0,3231
463,615000,1,1.0,687
464,299000,2,2.0,1222
465,685000,1,1.0,868
467,510000,2,1.5,970
468,850000,5,3.0,3003
469,1350000,2,2.0,1211
470,1750000,5,3.5,2934
471,865000,3,2.0,1450
472,1100000,3,2.0,1184
473,2378999,4,2.5,2364
474,1200000,4,4.0,1930
475,2248000,4,2.5,1955
476,1138000,3,3.5,1712
477,1118000,3,1.0,1316
478,899999,3,1.0,1040
479,1498000,4,2.0,1236
480,839000,2,2.5,1473
481,1600000,4,2.5,1768
482,669000,3,1.0,1050
483,880000,3,2.5,1886
484,1500000,3,2.0,1108
485,1190000,3,2.0,1128
486,1299000,4,3.5,2126
487,589000,1,1.0,831
488,999000,6,3.0,3862
489,2300000,6,4.0,3096
490,595000,3,2.0,1176
491,490000,1,1.0,667
492,1999999,4,4.0,3231
493,615000,1,1.0,687
494,299000,2,2.0,1222
495,685000,1,1.0,868
497,510000,2,1.5,970
498,850000,5,3.0,3003
499,1350000,2,2.0,1211
500,1750000,5,3.5,2934
501,865000,3,2.0,1450
502,1100000,3,2.0,1184
503,2378999,4,2.5,2364
504,1200000,4,4.0,1930
505,2248000,4,2.5,1955
506,1138000,3,3.5,1712
507,1118000,3,1.0,1316
508,899999,3,1.0,1040
509,1498000,4,2.0,1236
510,839000,2,2.5,1473
511,1600000,4,2.5,1768
512,669000,3,1.0,1050
513,880000,3,2.5,1886
514,1500000,3,2.0,1108
515,1190000,3,2.0,1128
516,1299000,4,3.5,2126
517,589000,1,1.0,831
518,999000,6,3.0,3862
519,2300000,6,4.0,3096
520,595000,3,2.0,1176
521,490000,1,1.0,667
522,1999999,4,4.0,3231
523,615000,1,1.0,687
524,299000,2,2.0,1222
525,685000,1,1.0,868
527,510000,2,1.5,970
528,850000,5,3.0,3003
529,1350000,2,2.0,1211
530,1750000,5,3.5,2934
531,865000,3,2.0,1450
532,1100000,3,2.0,1184
533,2378999,4,2.5,2364
534,1200000,4,4.0,1930
535,2248000,4,2.5,1955
536,1138000,3,3.5,1712
537,1118000,3,1.0,1316
538,899999,3,1.0,1040
539,1498000,4,2.0,1236
540,839000,2,2.5,1473
541,1600000,4,2.5,1768
542,669000,3,1.0,1050
543,880000,3,2.5,1886
544,1500000,3,2.0,1108
545,1190000,3,2.0,1128
546,1299000,4,3.5,2126
547,589000,1,1.0,831
548,999000,6,3.0,3862
549,2300000,6,4.0,3096
550,595000,3,2.0,1176
551,490000,1,1.0,667
552,1999999,4,4.0,3231
553,615000,1,1.0,687
554,299000,2,2.0,1222
555,685000,1,1.0,868
557,510000,2,1.5,970
558,850000,5,3.0,3003
559,1350000,2,2.0,1211
560,1750000,5,3.5,2934
561,865000,3,2.0,1450
562,1100000,3,2.0,1184
563,2378999,4,2.5,2364
564,1200000,4,4.0,1930
565,2248000,4,2.5,1955
566,1138000,3,3.5,1712
567,1118000,3,1.0,1316
568,899999,3,1.0,1040
569,1498000,4,2.0,1236
570,839000,2,2.5,1473
571,1600000,4,2.5,1768
572,669000,3,1.0,1050
573,880000,3,2.5,1886
574,1500000,3,2.0,1108
575,1190000,3,2.0,1128
576,1299000,4,3.5,2126
577,589000,1,1.0,831
578,999000,6,3.0,3862
579,2300000,6,4.0,3096
580,595000,3,2.0,1176
581,490000,1,1.0,667
582,1999999,4,4.0,3231
583,615000,1,1.0,687
584,299000,2,2.0,1222
585,685000,1,1.0,868
587,510000,2,1.5,970
588,850000,5,3.0,3003
589,1350000,2,2.0,1211
590,1750000,5,3.5,2934
591,865000,3,2.0,1450
592,1100000,3,2.0,1184
593,2378999,4,2.5,2364
594,1200000,4,4.0,1930
595,2248000,4,2.5,1955
596,1138000,3,3.5,1712
597,1118000,3,1.0,1316
598,899999,3,1.0,1040
599,1498000,4,2.0,1236
600,839000,2,2.5,1473
601,1600000,4,2.5,1768
602,669000,3,1.0,1050
603,880000,3,2.5,1886
604,1500000,3,2.0,1108
605,1190000,3,2.0,1128
606,1299000,4,3.5,2126
607,589000,1,1.0,831
608,999000,6,3.0,3862
609,2300000,6,4.0,3096
610,595000,3,2.0,1176
611,490000,1,1.0,667
612,1999999,4,4.0,3231
613,615000,1,1.0,687
614,299000,2,2.0,1222
615,685000,1,1.0,868
617,510000,2,1.5,970
618,850000,5,3.0,3003
619,1350000,2,2.0,1211
620,1750000,5,3.5,2934
621,865000,3,2.0,1450
622,1100000,3,2.0,1184
623,2378999,4,2.5,2364
624,1200000,4,4.0,1930
625,2248000,4,2.5,1955
626,1138000,3,3.5,1712
627,1118000,3,1.0,1316
628,899999,3,1.0,1040
629,1498000,4,2.0,1236
630,839000,2,2.5,1473
631,1600000,4,2.5,1768
632,669000,3,1.0,1050
633,880000,3,2.5,1886
634,1500000,3,2.0,1108
635,1190000,3,2.0,1128
636,1299000,4,3.5,2126
637,589000,1,1.0,831
638,999000,6,3.0,3862
639,2300000,6,4.0,3096
640,595000,3,2.0,1176
641,490000,1,1.0,667
642,1999999,4,4.0,3231
643,615000,1,1.0,687
644,299000,2,2.0,1222
645,685000,1,1.0,868
647,510000,2,1.5,970
648,850000,5,3.0,3003
649,1350000,2,2.0,1211
650,1750000,5,3.5,2934
651,865000,3,2.0,1450
652,1100000,3,2.0,1184
653,2378999,4,2.5,2364
654,1200000,4,4.0,1930
655,2248000,4,2.5,1955
656,1138000,3,3.5,1712
657,1118000,3,1.0,1316
658,899999,3,1.0,1040
659,1498000,4,2.0,1236
660,839000,2,2.5,1473
661,1600000,4,2.5,1768
662,669000,3,1.0,1050
663,880000,3,2.5,1886
664,1500000,3,2.0,1108
665,1190000,3,2.0,1128
666,1299000,4,3.5,2126
667,589000,1,1.0,831
668,999000,6,3.0,3862
669,2300000,6,4.0,3096
670,595000,3,2.0,1176
671,490000,1,1.0,667
672,1999999,4,4.0,3231
673,615000,1,1.0,687
674,299000,2,2.0,1222
675,685000,1,1.0,868
677,510000,2,1.5,970
678,850000,5,3.0,3003
679,1350000,2,2.0,1211
680,1750000,5,3.5,2934
681,865000,3,2.0,1450
682,1100000,3,2.0,1184
683,2378999,4,2.5,2364
684,1200000,4,4.0,1930
685,2248000,4,2.5,1955
686,1138000,3,3.5,1712
687,1118000,3,1.0,1316
688,899999,3,1.0,1040
689,1498000,4,2.0,1236
690,839000,2,2.5,1473
691,1600000,4,2.5,1768
692,669000,3,1.0,1050
693,880000,3,2.5,1886
694,1500000,3,2.0,1108
695,1190000,3,2.0,1128
696,1299000,4,3.5,2126
697,589000,1,1.0,831
698,999000,6,3.0,3862
699,2300000,6,4.0,3096
700,595000,3,2.0,1176
701,490000,1,1.0,667
702,1999999,4,4.0,3231
703,615000,1,1.0,687
704,299000,2,2.0,1222
705,685000,1,1.0,868
707,510000,2,1.5,970
708,850000,5,3.0,3003
709,1350000,2,2.0,1211
710,1750000,5,3.5,2934
711,865000,3,2.0,1450
712,1100000,3,2.0,1184
713,2378999,4,2.5,2364
714,1200000,4,4.0,1930
715,2248000,4,2.5,1955
716,1138000,3,3.5,1712
717,1118000,3,1.0,1316
718,899999,3,1.0,1040
719,1498000,4,2.0,1236
720,839000,2,2.5,1473
721,1600000,4,2.5,1768
722,669000,3,1.0,1050
723,880000,3,2.5,1886
724,1500000,3,2.0,1108
725,1190000,3,2.0,1128
726,1299000,4,3.5,2126
727,589000,1,1.0,831
728,999000,6,3.0,3862
729,2300000,6,4.0,3096
730,595000,3,2.0,1176
731,490000,1,1.0,667
732,1999999,4,4.0,3231
733,615000,1,1.0,687
734,299000,2,2.0,1222
735,685000,1,1.0,868
737,510000,2,1.5,970
738,850000,5,3.0,3003
739,1350000,2,2.0,1211
740,1750000,5,3.5,2934
741,865000,3,2.0,1450
742,1100000,3,2.0,1184
743,2378999,4,2.5,2364
744,1200000,4,4.0,1930
745,2248000,4,2.5,1955
746,1138000,3,3.5,1712
747,1118000,3,1.0,1316
748,899999,3,1.0,1040
749,1498000,4,2.0,1236
750,839000,2,2.5,1473
751,1600000,4,2.5,1768
752,669000,3,1.0,1050
753,880000,3,2.5,1886
754,1500000,3,2.0,1108
755,1190000,3,2.0,1128
756,1299000,4,3.5,2126
757,589000,1,1.0,831
758,999000,6,3.0,3862
759,2300000,6,4.0,3096
760,595000,3,2.0,1176
761,490000,1,1.0,667
762,1999999,4,4.0,3231
763,615000,1,1.0,687
764,299000,2,2.0,1222
765,685000,1,1.0,868
767,510000,2,1.5,970
768,850000,5,3.0,3003
769,1350000,2,2.0,1211
770,1750000,5,3.5,2934
771,865000,3,2.0,1450
772,1100000,3,2.0,1184
773,2378999,4,2.5,2364
774,1200000,4,4.0,1930
775,2248000,4,2.5,1955
776,1138000,3,3.5,1712
777,1118000,3,1.0,1316
778,899999,3,1.0,1040
779,1498000,4,2.0,1236
780,839000,2,2.5,1473
781,1600000,4,2.5,1768
782,669000,3,1.0,1050
783,880000,3,2.5,1886
784,1500000,3,2.0,1108
785,1190000,3,2.0,1128
786,1299000,4,3.5,2126
787,589000,1,1.0,831
788,999000,6,3.0,3862
789,2300000,6,4.0,3096
790,595000,3,2.0,1176
791,490000,1,1.0,667
792,1999999,4,4.0,3231
793,615000,1,1.0,687
794,299000,2,2.0,1222
795,685000,1,1.0,868
797,510000,2,1.5,970
798,850000,5,3.0,3003
799,1350000,2,2.0,1211
800,1750000,5,3.5,2934
801,865000,3,2.0,1450
802,1100000,3,2.0,1184
803,2378999,4,2.5,2364
804,1200000,4,4.0,1930
805,2248000,4,2.5,1955
806,1138000,3,3.5,1712
807,1118000,3,1.0,1316
808,899999,3,1.0,1040
809,1498000,4,2.0,1236
810,839000,2,2.5,1473
811,1600000,4,2.5,1768
812,669000,3,1.0,1050
813,880000,3,2.5,1886
814,1500000,3,2.0,1108
815,1190000,3,2.0,1128
816,1299000,4,3.5,2126
817,589000,1,1.0,831
818,999000,6,3.0,3862
819,2300000,6,4.0,3096
820,595000,3,2.0,1176
821,490000,1,1.0,667
822,1999999,4,4.0,3231
823,615000,1,1.0,687
824,299000,2,2.0,1222
825,685000,1,1.0,868
827,510000,2,1.5,970
828,850000,5,3.0,3003
829,1350000,2,2.0,1211
830,1750000,5,3.5,2934
831,865000,3,2.0,1450
832,1100000,3,2.0,1184
833,2378999,4,2.5,2364
834,1200000,4,4.0,1930
835,2248000,4,2.5,1955
836,1138000,3,3.5,1712
837,1118000,3,1.0,1316
838,899999,3,1.0,1040
839,1498000,4,2.0,1236
840,839000,2,2.5,1473
841,1600000,4,2.5,1768
842,669000,3,1.0,1050
843,880000,3,2.5,1886
844,1500000,3,2.0,1108
845,1190000,3,2.0,1128
846,1299000,4,3.5,2126
847,589000,1,1.0,831
848,999000,6,3.0,3862
849,2300000,6,4.0,3096
850,595000,3,2.0,1176
851,490000,1,1.0,667
852,1999999,4,4.0,3231
853,615000,1,1.0,687
854,299000,2,2.0,1222
855,685000,1,1.0,868
857,510000,2,1.5,970
858,850000,5,3.0,3003
859,1350000,2,2.0,1211
860,1750000,5,3.5,2934
861,865000,3,2.0,1450
862,1100000,3,2.0,1184
863,2378999,4,2.5,2364
864,1200000,4,4.0,1930
865,2248000,4,2.5,1955
866,1138000,3,3.5,1712
867,1118000,3,1.0,1316
868,899999,3,1.0,1040
869,1498000,4,2.0,1236
870,839000,2,2.5,1473
871,1600000,4,2.5,1768
872,669000,3,1.0,1050
873,880000,3,2.5,1886
874,1500000,3,2.0,1108
875,1190000,3,2.0,1128
876,1299000,4,3.5,2126
877,589000,1,1.0,831
878,999000,6,3.0,3862
879,2300000,6,4.0,3096
880,595000,3,2.0,1176
881,490000,1,1.0,667
882,1999999,4,4.0,3231
883,615000,1,1.0,687
884,299000,2,2.0,1222
885,685000,1,1.0,868
887,510000,2,1.5,970
888,850000,5,3.0,3003
889,1350000,2,2.0,1211
890,1750000,5,3.5,2934
891,865000,3,2.0,1450
892,1100000,3,2.0,1184
893,2378999,4,2.5,2364
894,1200000,4,4.0,1930
895,2248000,4,2.5,1955
896,1138000,3,3.5,1712
897,1118000,3,1.0,1316
898,899999,3,1.0,1040
899,1498000,4,2.0,1236
900,839000,2,2.5,1473
901,1600000,4,2.5,1768
902,669000,3,1.0,1050
903,880000,3,2.5,1886
904,1500000,3,2.0,1108
905,1190000,3,2.0,1128
906,1299000,4,3.5,2126
907,589000,1,1.0,831
908,999000,6,3.0,3862
909,2300000,6,4.0,3096
910,595000,3,2.0,1176
911,490000,1,1.0,667
912,1999999,4,4.0,3231
913,615000,1,1.0,687
914,299000,2,2.0,1222
915,685000,1,1.0,868
917,510000,2,1.5,970
918,850000,5,3.0,3003
919,1350000,2,2.0,1211
920,1750000,5,3.5,2934
921,865000,3,2.0,1450
922,1100000,3,2.0,1184
923,2378999,4,2.5,2364
924,1200000,4,4.0,1930
925,2248000,4,2.5,1955
926,1138000,3,3.5,1712
927,1118000,3,1.0,1316
928,899999,3,1.0,1040
929,1498000,4,2.0,1236
930,839000,2,2.5,1473
931,1600000,4,2.5,1768
932,669000,3,1.0,1050
933,880000,3,2.5,1886
934,1500000,3,2.0,1108
935,1190000,3,2.0,1128
936,1299000,4,3.5,2126
937,589000,1,1.0,831
938,999000,6,3.0,3862
939,2300000,6,4.0,3096
940,595000,3,2.0,1176
941,490000,1,1.0,667
942,1999999,4,4.0,3231
943,615000,1,1.0,687
944,299000,2,2.0,1222
945,685000,1,1.0,868
947,510000,2,1.5,970
948,850000,5,3.0,3003
949,1350000,2,2.0,1211
950,1750000,5,3.5,2934
951,865000,3,2.0,1450
952,1100000,3,2.0,1184
953,2378999,4,2.5,2364
954,1200000,4,4.0,1930
955,2248000,4,2.5,1955
956,1138000,3,3.5,1712
957,1118000,3,1.0,1316
958,899999,3,1.0,1040
959,1498000,4,2.0,1236
960,839000,2,2.5,1473
961,1600000,4,2.5,1768
962,669000,3,1.0,1050
963,880000,3,2.5,1886
964,1500000,3,2.0,1108
965,1190000,3,2.0,1128
966,1299000,4,3.5,2126
967,589000,1,1.0,831
968,999000,6,3.0,3862
969,2300000,6,4.0,3096
970,595000,3,2.0,1176
971,490000,1,1.0,667
972,1999999,4,4.0,3231
973,615000,1,1.0,687
974,299000,2,2.0,1222
975,685000,1,1.0,868
977,510000,2,1.5,970
978,850000,5,3.0,3003
979,1350000,2,2.0,1211
980,1750000,5,3.5,2934
981,865000,3,2.0,1450
982,1100000,3,2.0,1184
983,2378999,4,2.5,2364
984,1200000,4,4.0,1930
985,2248000,4,2.5,1955
986,1138000,3,3.5,1712
987,1118000,3,1.0,1316
988,899999,3,1.0,1040
989,1498000,4,2.0,1236
990,839000,2,2.5,1473
991,1600000,4,2.5,1768
992,669000,3,1.0,1050
993,880000,3,2.5,1886
994,1500000,3,2.0,1108
995,1190000,3,2.0,1128
996,1299000,4,3.5,2126
997,589000,1,1.0,831
998,999000,6,3.0,3862
999,2300000,6,4.0,3096
1000,595000,3,2.0,1176
1001,490000,1,1.0,667
1002,1999999,4,4.0,3231
1003,615000,1,1.0,687
1004,299000,2,2.0,1222
1005,685000,1,1.0,868
1007,510000,2,1.5,970
1008,850000,5,3.0,3003
1009,1350000,2,2.0,1211
1010,1750000,5,3.5,2934
1011,865000,3,2.0,1450
1012,1100000,3,2.0,1184
1013,2378999,4,2.5,2364
1014,1200000,4,4.0,1930
1015,2248000,4,2.5,1955
1016,1138000,3,3.5,1712
1017,1118000,3,1.0,1316
1018,899999,3,1.0,1040
1019,1498000,4,2.0,1236
1020,839000,2,2.5,1473
1021,1600000,4,2.5,1768
1022,669000,3,1.0,1050
1023,880000,3,2.5,1886
1024,1500000,3,2.0,1108
1025,1190000,3,2.0,1128
1026,1299000,4,3.5,2126
1027,589000,1,1.0,831
1028,999000,6,3.0,3862
1029,2300000,6,4.0,3096
1030,595000,3,2.0,1176
1031,490000,1,1.0,667
1032,1999999,4,4.0,3231
1033,615000,1,1.0,687
1034,299000,2,2.0,1222
1035,685000,1,1.0,868
1037,510000,2,1.5,970
1038,850000,5,3.0,3003
1039,1350000,2,2.0,1211
1040,1750000,5,3.5,2934
1041,865000,3,2.0,1450
1042,1100000,3,2.0,1184
1043,2378999,4,2.5,2364
1044,1200000,4,4.0,1930
1045,2248000,4,2.5,1955
1046,1138000,3,3.5,1712
1047,1118000,3,1.0,1316
1048,899999,3,1.0,1040
1049,1498000,4,2.0,1236
1050,839000,2,2.5,1473
1051,1600000,4,2.5,1768
1052,669000,3,1.0,1050
1053,880000,3,2.5,1886
1054,1500000,3,2.0,1108
1055,1190000,3,2.0,1128
1056,1299000,4,3.5,2126
1057,589000,1,1.0,831
1058,999000,6,3.0,3862
1059,2300000,6,4.0,3096
1060,595000,3,2.0,1176
1061,490000,1,1.0,667
1062,1999999,4,4.0,3231
1063,615000,1,1.0,687
1064,299000,2,2.0,1222
1065,685000,1,1.0,868
1067,510000,2,1.5,970
1068,850000,5,3.0,3003
1069,1350000,2,2.0,1211
1070,1750000,5,3.5,2934
1071,865000,3,2.0,1450
1072,1100000,3,2.0,1184
1073,2378999,4,2.5,2364
1074,1200000,4,4.0,1930
1075,2248000,4,2.5,1955
1076,1138000,3,3.5,1712
1077,1118000,3,1.0,1316
1078,899999,3,1.0,1040
1079,1498000,4,2.0,1236
1080,839000,2,2.5,1473
1081,1600000,4,2.5,1768
1082,669000,3,1.0,1050
1083,880000,3,2.5,1886
1084,1500000,3,2.0,1108
1085,1190000,3,2.0,1128
1086,1299000,4,3.5,2126
1087,589000,1,1.0,831
1088,999000,6,3.0,3862
1089,2300000,6,4.0,3096
1090,595000,3,2.0,1176
1091,490000,1,1.0,667
1092,1999999,4,4.0,3231
1093,615000,1,1.0,687
1094,299000,2,2.0,1222
1095,685000,1,1.0,868
1097,510000,2,1.5,970
1098,850000,5,3.0,3003
1099,1350000,2,2.0,1211
1100,1750000,5,3.5,2934
1101,865000,3,2.0,1450
1102,1100000,3,2.0,1184
1103,2378999,4,2.5,2364
1104,1200000,4,4.0,1930
1105,2248000,4,2.5,1955
1106,1138000,3,3.5,1712
1107,1118000,3,1.0,1316
1108,899999,3,1.0,1040
1109,1498000,4,2.0,1236
1110,839000,2,2.5,1473
1111,1600000,4,2.5,1768
1112,669000,3,1.0,1050
1113,880000,3,2.5,1886
1114,1500000,3,2.0,1108
1115,1190000,3,2.0,1128
1116,1299000,4,3.5,2126
1117,589000,1,1.0,831
1118,999000,6,3.0,3862
1119,2300000,6,4.0,3096
1120,595000,3,2.0,1176
1121,490000,1,1.0,667
1122,1999999,4,4.0,3231
1123,615000,1,1.0,687
1124,299000,2,2.0,1222
1125,685000,1,1.0,868
1127,510000,2,1.5,970
1128,850000,5,3.0,3003
1129,1350000,2,2.0,1211
1130,1750000,5,3.5,2934
1131,865000,3,2.0,1450
1132,1100000,3,2.0,1184
1133,2378999,4,2.5,2364
1134,1200000,4,4.0,1930
1135,2248000,4,2.5,1955
1136,1138000,3,3.5,1712
1137,1118000,3,1.0,1316
1138,899999,3,1.0,1040
1139,1498000,4,2.0,1236
1140,839000,2,2.5,1473
1141,1600000,4,2.5,1768
1142,669000,3,1.0,1050
1143,880000,3,2.5,1886
1144,1500000,3,2.0,1108
1145,1190000,3,2.0,1128
1146,1299000,4,3.5,2126
1147,589000,1,1.0,831
1148,999000,6,3.0,3862
1149,2300000,6,4.0,3096
1150,595000,3,2.0,1176
1151,490000,1,1.0,667
1152,1999999,4,4.0,3231
1153,615000,1,1.0,687
1154,299000,2,2.0,1222
1155,685000,1,1.0,868
1157,510000,2,1.5,970
1158,850000,5,3.0,3003
1159,1350000,2,2.0,1211
1160,1750000,5,3.5,2934
1161,865000,3,2.0,1450
1162,1100000,3,2.0,1184
1163,2378999,4,2.5,2364
1164,1200000,4,4.0,1930
1165,2248000,4,2.5,1955
1166,1138000,3,3.5,1712
1167,1118000,3,1.0,1316
1168,899999,3,1.0,1040
1169,1498000,4,2.0,1236
1170,839000,2,2.5,1473
1171,1600000,4,2.5,1768
1172,669000,3,1.0,1050
1173,880000,3,2.5,1886
1174,1500000,3,2.0,1108
1175,1190000,3,2.0,1128
1176,1299000,4,3.5,2126
1177,589000,1,1.0,831
1178,999000,6,3.0,3862
1179,2300000,6,4.0,3096
1180,595000,3,2.0,1176
1181,490000,1,1.0,667
1182,1999999,4,4.0,3231
1183,615000,1,1.0,687
1184,299000,2,2.0,1222
1185,685000,1,1.0,868
1187,510000,2,1.5,970
1188,850000,5,3.0,3003
1189,1350000,2,2.0,1211
1190,1750000,5,3.5,2934
1191,865000,3,2.0,1450
1192,1100000,3,2.0,1184
1193,2378999,4,2.5,2364
1194,1200000,4,4.0,1930
1195,2248000,4,2.5,1955
1196,1138000,3,3.5,1712
1197,1118000,3,1.0,1316
1198,899999,3,1.0,1040
1199,1498000,4,2.0,1236
1200,839000,2,2.5,1473
1201,1600000,4,2.5,1768
1202,669000,3,1.0,1050
1203,880000,3,2.5,1886
1204,1500000,3,2.0,1108
1205,1190000,3,2.0,1128
1206,1299000,4,3.5,2126
1207,589000,1,1.0,831
1208,999000,6,3.0,3862
1209,2300000,6,4.0,3096
1210,595000,3,2.0,1176
1211,490000,1,1.0,667
1212,1999999,4,4.0,3231
1213,615000,1,1.0,687
1214,299000,2,2.0,1222
1215,685000,1,1.0,868
1217,510000,2,1.5,970
1218,850000,5,3.0,3003
1219,1350000,2,2.0,1211
1220,1750000,5,3.5,2934
1221,865000,3,2.0,1450
1222,1100000,3,2.0,1184
1223,2378999,4,2.5,2364
1224,1200000,4,4.0,1930
1225,2248000,4,2.5,1955
1226,1138000,3,3.5,1712
1227,1118000,3,1.0,1316
1228,899999,3,1.0,1040
1229,1498000,4,2.0,1236
1230,839000,2,2.5,1473
1231,1600000,4,2.5,1768
1232,669000,3,1.0,1050
1233,880000,3,2.5,1886
1234,1500000,3,2.0,1108
1235,1190000,3,2.0,1128
1236,1299000,4,3.5,2126
1237,589000,1,1.0,831
1238,999000,6,3.0,3862
1239,2300000,6,4.0,3096
1240,595000,3,2.0,1176
1241,490000,1,1.0,667
1242,1999999,4,4.0,3231
1243,615000,1,1.0,687
1244,299000,2,2.0,1222
1245,685000,1,1.0,868
1247,510000,2,1.5,970
1248,850000,5,3.0,3003
1249,1350000,2,2.0,1211
1250,1750000,5,3.5,2934
1251,865000,3,2.0,1450
1252,1100000,3,2.0,1184
1253,2378999,4,2.5,2364
1254,1200000,4,4.0,1930
1255,2248000,4,2.5,1955
1256,1138000,3,3.5,1712
1257,1118000,3,1.0,1316
1258,899999,3,1.0,1040
1259,1498000,4,2.0,1236
1260,839000,2,2.5,1473
1261,1600000,4,2.5,1768
1262,669000,3,1.0,1050
1263,880000,3,2.5,1886
1264,1500000,3,2.0,1108
1265,1190000,3,2.0,1128
1266,1299000,4,3.5,2126
1267,589000,1,1.0,831
1268,999000,6,3.0,3862
1269,2300000,6,4.0,3096
1270,595000,3,2.0,1176
1271,490000,1,1.0,667
1272,1999999,4,4.0,3231
1273,615000,1,1.0,687
1274,299000,2,2.0,1222
1275,685000,1,1.0,868
1277,510000,2,1.5,970
1278,850000,5,3.0,3003
1279,1350000,2,2.0,1211
1280,1750000,5,3.5,2934
1281,865000,3,2.0,1450
1282,1100000,3,2.0,1184
1283,2378999,4,2.5,2364
1284,1200000,4,4.0,1930
1285,2248000,4,2.5,1955
1286,1138000,3,3.5,1712
1287,1118000,3,1.0,1316
1288,899999,3,1.0,1040
1289,1498000,4,2.0,1236
1290,839000,2,2.5,1473
1291,1600000,4,2.5,1768
1292,669000,3,1.0,1050
1293,880000,3,2.5,1886
1294,1500000,3,2.0,1108
1295,1190000,3,2.0,1128
1296,1299000,4,3.5,2126
1297,589000,1,1.0,831
1298,999000,6,3.0,3862
1299,2300000,6,4.0,3096
1300,595000,3,2.0,1176
1301,490000,1,1.0,667
1302,1999999,4,4.0,3231
1303,615000,1,1.0,687
1304,299000,2,2.0,1222
1305,685000,1,1.0,868
1307,510000,2,1.5,970
1308,850000,5,3.0,3003
1309,1350000,2,2.0,1211
1310,1750000,5,3.5,2934
1311,865000,3,2.0,1450
1312,1100000,3,2.0,1184
1313,2378999,4,2.5,2364
1314,1200000,4,4.0,1930
1315,2248000,4,2.5,1955
1316,1138000,3,3.5,1712
1317,1118000,3,1.0,1316
1318,899999,3,1.0,1040
1319,1498000,4,2.0,1236
1320,839000,2,2.5,1473
1321,1600000,4,2.5,1768
1322,669000,3,1.0,1050
1323,880000,3,2.5,1886
1324,1500000,3,2.0,1108
1325,1190000,3,2.0,1128
1326,1299000,4,3.5,2126
1327,589000,1,1.0,831
1328,999000,6,3.0,3862
1329,2300000,6,4.0,3096
1330,595000,3,2.0,1176
1331,490000,1,1.0,667
1332,1999999,4,4.0,3231
1333,615000,1,1.0,687
1334,299000,2,2.0,1222
1335,685000,1,1.0,868
1337,510000,2,1.5,970
1338,850000,5,3.0,3003
1339,1350000,2,2.0,1211
1340,1750000,5,3.5,2934
1341,865000,3,2.0,1450
1342,1100000,3,2.0,1184
1343,2378999,4,2.5,2364
1344,1200000,4,4.0,1930
1345,2248000,4,2.5,1955
1346,1138000,3,3.5,1712
1347,1118000,3,1.0,1316
1348,899999,3,1.0,1040
1349,1498000,4,2.0,1236
1350,839000,2,2.5,1473
1351,1600000,4,2.5,1768
1352,669000,3,1.0,1050
1353,880000,3,2.5,1886
1354,1500000,3,2.0,1108
1355,1190000,3,2.0,1128
1356,1299000,4,3.5,2126
1357,589000,1,1.0,831
1358,999000,6,3.0,3862
1359,2300000,6,4.0,3096
1360,595000,3,2.0,1176
1361,490000,1,1.0,667
1362,1999999,4,4.0,3231
1363,615000,1,1.0,687
1364,299000,2,2.0,1222
1365,685000,1,1.0,868
1367,510000,2,1.5,970
1368,850000,5,3.0,3003
1369,1350000,2,2.0,1211
1370,1750000,5,3.5,2934
1371,865000,3,2.0,1450
1372,1100000,3,2.0,1184
1373,2378999,4,2.5,2364
1374,1200000,4,4.0,1930
1375,2248000,4,2.5,1955
1376,1138000,3,3.5,1712
1377,1118000,3,1.0,1316
1378,899999,3,1.0,1040
1379,1498000,4,2.0,1236
1380,839000,2,2.5,1473
1381,1600000,4,2.5,1768
1382,669000,3,1.0,1050
1383,880000,3,2.5,1886
1384,1500000,3,2.0,1108
1385,1190000,3,2.0,1128
1386,1299000,4,3.5,2126
1387,589000,1,1.0,831
1388,999000,6,3.0,3862
1389,2300000,6,4.0,3096
1390,595000,3,2.0,1176
1391,490000,1,1.0,667
1392,1999999,4,4.0,3231
1393,615000,1,1.0,687
1394,299000,2,2.0,1222
1395,685000,1,1.0,868
1397,510000,2,1.5,970
1398,850000,5,3.0,3003
1399,1350000,2,2.0,1211
1400,1750000,5,3.5,2934
1401,865000,3,2.0,1450
1402,1100000,3,2.0,1184
1403,2378999,4,2.5,2364
1404,1200000,4,4.0,1930
1405,2248000,4,2.5,1955
1406,1138000,3,3.5,1712
1407,1118000,3,1.0,1316
1408,899999,3,1.0,1040
1409,1498000,4,2.0,1236
1410,839000,2,2.5,1473
1411,1600000,4,2.5,1768
1412,669000,3,1.0,1050
1413,880000,3,2.5,1886
1414,1500000,3,2.0,1108
1415,1190000,3,2.0,1128
1416,1299000,4,3.5,2126
1417,589000,1,1.0,831
1418,999000,6,3.0,3862
1419,2300000,6,4.0,3096
1420,595000,3,2.0,1176
1421,490000,1,1.0,667
1422,1999999,4,4.0,3231
1423,615000,1,1.0,687
1424,299000,2,2.0,1222
1425,685000,1,1.0,868
1427,510000,2,1.5,970
1428,850000,5,3.0,3003
1429,1350000,2,2.0,1211
1430,1750000,5,3.5,2934
1431,865000,3,2.0,1450
1432,1100000,3,2.0,1184
1433,2378999,4,2.5,2364
1434,1200000,4,4.0,1930
1435,2248000,4,2.5,1955
1436,1138000,3,3.5,1712
1437,1118000,3,1.0,1316
1438,899999,3,1.0,1040
1439,1498000,4,2.0,1236
1440,839000,2,2.5,1473
1441,1600000,4,2.5,1768
1442,669000,3,1.0,1050
1443,880000,3,2.5,1886
1444,1500000,3,2.0,1108
1445,1190000,3,2.0,1128
1446,1299000,4,3.5,2126
1447,589000,1,1.0,831
1448,999000,6,3.0,3862
1449,2300000,6,4.0,3096
1450,595000,3,2.0,1176
1451,490000,1,1.0,667
1452,1999999,4,4.0,3231
1453,615000,1,1.0,687
1454,299000,2,2.0,1222
1455,685000,1,1.0,868
1457,510000,2,1.5,970
1458,850000,5,3.0,3003
1459,1350000,2,2.0,1211
1460,1750000,5,3.5,2934
1461,865000,3,2.0,1450
1462,1100000,3,2.0,1184
1463,2378999,4,2.5,2364
1464,1200000,4,4.0,1930
1465,2248000,4,2.5,1955
1466,1138000,3,3.5,1712
1467,1118000,3,1.0,1316
1468,899999,3,1.0,1040
1469,1498000,4,2.0,1236
1470,839000,2,2.5,1473
1471,1600000,4,2.5,1768
1472,669000,3,1.0,1050
1473,880000,3,2.5,1886
1474,1500000,3,2.0,1108
1475,1190000,3,2.0,1128
1476,1299000,4,3.5,2126
1477,589000,1,1.0,831
1478,999000,6,3.0,3862
1479,2300000,6,4.0,3096
1480,595000,3,2.0,1176
1481,490000,1,1.0,667
1482,1999999,4,4.0,3231
1483,615000,1,1.0,687
1484,299000,2,2.0,1222
1485,685000,1,1.0,868
1487,510000,2,1.5,970
1488,850000,5,3.0,3003
1489,1350000,2,2.0,1211
1490,1750000,5,3.5,2934
1491,865000,3,2.0,1450
1492,1100000,3,2.0,1184
1493,2378999,4,2.5,2364
1494,1200000,4,4.0,1930
1495,2248000,4,2.5,1955
1496,1138000,3,3.5,1712
1497,1118000,3,1.0,1316
1498,899999,3,1.0,1040
1499,1498000,4,2.0,1236
1500,839000,2,2.5,1473
1501,1600000,4,2.5,1768
1502,669000,3,1.0,1050
1503,880000,3,2.5,1886
1504,1500000,3,2.0,1108
1505,1190000,3,2.0,1128
1506,1299000,4,3.5,2126
1507,589000,1,1.0,831
1508,999000,6,3.0,3862
1509,2300000,6,4.0,3096
1510,595000,3,2.0,1176
1511,490000,1,1.0,667
1512,1999999,4,4.0,3231
1513,615000,1,1.0,687
1514,299000,2,2.0,1222
1515,685000,1,1.0,868
1517,510000,2,1.5,970
1518,850000,5,3.0,3003
1519,1350000,2,2.0,1211
1520,1750000,5,3.5,2934
1521,865000,3,2.0,1450
1522,1100000,3,2.0,1184
1523,2378999,4,2.5,2364
1524,1200000,4,4.0,1930
1525,2248000,4,2.5,1955
1526,1138000,3,3.5,1712
1527,1118000,3,1.0,1316
1528,899999,3,1.0,1040
1529,1498000,4,2.0,1236
1530,839000,2,2.5,1473
1531,1600000,4,2.5,1768
1532,669000,3,1.0,1050
1533,880000,3,2.5,1886
1534,1500000,3,2.0,1108
1535,1190000,3,2.0,1128
1536,1299000,4,3.5,2126
1537,589000,1,1.0,831
1538,999000,6,3.0,3862
1539,2300000,6,4.0,3096
1540,595000,3,2.0,1176
1541,490000,1,1.0,667
1542,1999999,4,4.0,3231
1543,615000,1,1.0,687
1544,299000,2,2.0,1222
1545,685000,1,1.0,868
1547,510000,2,1.5,970
1548,850000,5,3.0,3003
1549,1350000,2,2.0,1211
1550,1750000,5,3.5,2934
1551,865000,3,2.0,1450
1552,1100000,3,2.0,1184
1553,2378999,4,2.5,2364
1554,1200000,4,4.0,1930
1555,2248000,4,2.5,1955
1556,1138000,3,3.5,1712
1557,1118000,3,1.0,1316
1558,899999,3,1.0,1040
1559,1498000,4,2.0,1236
1560,839000,2,2.5,1473
1561,1600000,4,2.5,1768
1562,669000,3,1.0,1050
1563,880000,3,2.5,1886
1564,1500000,3,2.0,1108
1565,1190000,3,2.0,1128
1566,1299000,4,3.5,2126
1567,589000,1,1.0,831
1568,999000,6,3.0,3862
1569,2300000,6,4.0,3096
1570,595000,3,2.0,1176
1571,490000,1,1.0,667
1572,1999999,4,4.0,3231
1573,615000,1,1.0,687
1574,299000,2,2.0,1222
1575,685000,1,1.0,868
1577,510000,2,1.5,970
1578,850000,5,3.0,3003
1579,1350000,2,2.0,1211
1580,1750000,5,3.5,2934
1581,865000,3,2.0,1450
1582,1100000,3,2.0,1184
1583,2378999,4,2.5,2364
1584,1200000,4,4.0,1930
1585,2248000,4,2.5,1955
1586,1138000,3,3.5,1712
1587,1118000,3,1.0,1316
1588,899999,3,1.0,1040
1589,1498000,4,2.0,1236
1590,839000,2,2.5,1473
1591,1600000,4,2.5,1768
1592,669000,3,1.0,1050
1593,880000,3,2.5,1886
1594,1500000,3,2.0,1108
1595,1190000,3,2.0,1128
1596,1299000,4,3.5,2126
1597,589000,1,1.0,831
1598,999000,6,3.0,3862
1599,2300000,6,4.0,3096
1600,595000,3,2.0,1176
1601,490000,1,1.0,667
1602,1999999,4,4.0,3231
1603,615000,1,1.0,687
1604,299000,2,2.0,1222
1605,685000,1,1.0,868
1607,510000,2,1.5,970
1608,850000,5,3.0,3003
1609,1350000,2,2.0,1211
1610,1750000,5,3.5,2934
1611,865000,3,2.0,1450
1612,1100000,3,2.0,1184
1613,2378999,4,2.5,2364
1614,1200000,4,4.0,1930
1615,2248000,4,2.5,1955
1616,1138000,3,3.5,1712
1617,1118000,3,1.0,1316
1618,899999,3,1.0,1040
1619,1498000,4,2.0,1236
1620,839000,2,2.5,1473
1621,1600000,4,2.5,1768
1622,669000,3,1.0,1050
1623,880000,3,2.5,1886
1624,1500000,3,2.0,1108
1625,1190000,3,2.0,1128
1626,1299000,4,3.5,2126
1627,589000,1,1.0,831
1628,999000,6,3.0,3862
1629,2300000,6,4.0,3096
1630,595000,3,2.0,1176
1631,490000,1,1.0,667
1632,1999999,4,4.0,3231
1633,615000,1,1.0,687
1634,299000,2,2.0,1222
1635,685000,1,1.0,868
1637,510000,2,1.5,970
1638,850000,5,3.0,3003
1639,1350000,2,2.0,1211
1640,1750000,5,3.5,2934
1641,865000,3,2.0,1450
1642,1100000,3,2.0,1184
1643,2378999,4,2.5,2364
1644,1200000,4,4.0,1930
1645,2248000,4,2.5,1955
1646,1138000,3,3.5,1712
1647,1118000,3,1.0,1316
1648,899999,3,1.0,1040
1649,1498000,4,2.0,1236
1650,839000,2,2.5,1473
1651,1600000,4,2.5,1768
1652,669000,3,1.0,1050
1653,880000,3,2.5,1886
1654,1500000,3,2.0,1108
1655,1190000,3,2.0,1128
1656,1299000,4,3.5,2126
1657,589000,1,1.0,831
1658,999000,6,3.0,3862
1659,2300000,6,4.0,3096
1660,595000,3,2.0,1176
1661,490000,1,1.0,667
1662,1999999,4,4.0,3231
1663,615000,1,1.0,687
1664,299000,2,2.0,1222
1665,685000,1,1.0,868
1667,510000,2,1.5,970
1668,850000,5,3.0,3003
1669,1350000,2,2.0,1211
1670,1750000,5,3.5,2934
1671,865000,3,2.0,1450
1672,1100000,3,2.0,1184
1673,2378999,4,2.5,2364
1674,1200000,4,4.0,1930
1675,2248000,4,2.5,1955
1676,1138000,3,3.5,1712
1677,1118000,3,1.0,1316
1678,899999,3,1.0,1040
1679,1498000,4,2.0,1236
1680,839000,2,2.5,1473
1681,1600000,4,2.5,1768
1682,669000,3,1.0,1050
1683,880000,3,2.5,1886
1684,1500000,3,2.0,1108
1685,1190000,3,2.0,1128
1686,1299000,4,3.5,2126
1687,589000,1,1.0,831
1688,999000,6,3.0,3862
1689,2300000,6,4.0,3096
1690,595000,3,2.0,1176
1691,490000,1,1.0,667
1692,1999999,4,4.0,3231
1693,615000,1,1.0,687
1694,299000,2,2.0,1222
1695,685000,1,1.0,868
1697,510000,2,1.5,970
1698,850000,5,3.0,3003
1699,1350000,2,2.0,1211
1700,1750000,5,3.5,2934
1701,865000,3,2.0,1450
1702,1100000,3,2.0,1184
1703,2378999,4,2.5,2364
1704,1200000,4,4.0,1930
1705,2248000,4,2.5,1955
1706,1138000,3,3.5,1712
1707,1118000,3,1.0,1316
1708,899999,3,1.0,1040
1709,1498000,4,2.0,1236
1710,839000,2,2.5,1473
1711,1600000,4,2.5,1768
1712,669000,3,1.0,1050
1713,880000,3,2.5,1886
1714,1500000,3,2.0,1108
1715,1190000,3,2.0,1128
1716,1299000,4,3.5,2126
1717,589000,1,1.0,831
1718,999000,6,3.0,3862
1719,2300000,6,4.0,3096
1720,595000,3,2.0,1176
1721,490000,1,1.0,667
1722,1999999,4,4.0,3231
1723,615000,1,1.0,687
1724,299000,2,2.0,1222
1725,685000,1,1.0,868
1727,510000,2,1.5,970
1728,850000,5,3.0,3003
1729,1350000,2,2.0,1211
1730,1750000,5,3.5,2934
1731,865000,3,2.0,1450
1732,1100000,3,2.0,1184
1733,2378999,4,2.5,2364
1734,1200000,4,4.0,1930
1735,2248000,4,2.5,1955
1736,1138000,3,3.5,1712
1737,1118000,3,1.0,1316
1738,899999,3,1.0,1040
1739,1498000,4,2.0,1236
1740,839000,2,2.5,1473
1741,1600000,4,2.5,1768
1742,669000,3,1.0,1050
1743,880000,3,2.5,1886
1744,1500000,3,2.0,1108
1745,1190000,3,2.0,1128
1746,1299000,4,3.5,2126
1747,589000,1,1.0,831
1748,999000,6,3.0,3862
1749,2300000,6,4.0,3096
1750,595000,3,2.0,1176
1751,490000,1,1.0,667
1752,1999999,4,4.0,3231
1753,615000,1,1.0,687
1754,299000,2,2.0,1222
1755,685000,1,1.0,868
1757,510000,2,1.5,970
1758,850000,5,3.0,3003
1759,1350000,2,2.0,1211
1760,1750000,5,3.5,2934
1761,865000,3,2.0,1450
1762,1100000,3,2.0,1184
1763,2378999,4,2.5,2364
1764,1200000,4,4.0,1930
1765,2248000,4,2.5,1955
1766,1138000,3,3.5,1712
1767,1118000,3,1.0,1316
1768,899999,3,1.0,1040
1769,1498000,4,2.0,1236
1770,839000,2,2.5,1473
1771,1600000,4,2.5,1768
1772,669000,3,1.0,1050
1773,880000,3,2.5,1886
1774,1500000,3,2.0,1108
1775,1190000,3,2.0,1128
1776,1299000,4,3.5,2126
1777,589000,1,1.0,831
1778,999000,6,3.0,3862
1779,2300000,6,4.0,3096
1780,595000,3,2.0,1176
1781,490000,1,1.0,667
1782,1999999,4,4.0,3231
1783,615000,1,1.0,687
1784,299000,2,2.0,1222
1785,685000,1,1.0,868
1787,510000,2,1.5,970
1788,850000,5,3.0,3003
1789,1350000,2,2.0,1211
1790,1750000,5,3.5,2934
1791,865000,3,2.0,1450
1792,1100000,3,2.0,1184
1793,2378999,4,2.5,2364
1794,1200000,4,4.0,1930
1795,2248000,4,2.5,1955
1796,1138000,3,3.5,1712
1797,1118000,3,1.0,1316
1798,899999,3,1.0,1040
1799,1498000,4,2.0,1236
1800,839000,2,2.5,1473
1801,1600000,4,2.5,1768
1802,669000,3,1.0,1050
1803,880000,3,2.5,1886
1804,1500000,3,2.0,1108
1805,1190000,3,2.0,1128
1806,1299000,4,3.5,2126
1807,589000,1,1.0,831
1808,999000,6,3.0,3862
1809,2300000,6,4.0,3096
1810,595000,3,2.0,1176
1811,490000,1,1.0,667
1812,1999999,4,4.0,3231
1813,615000,1,1.0,687
1814,299000,2,2.0,1222
1815,685000,1,1.0,868
1817,510000,2,1.5,970
1818,850000,5,3.0,3003
1819,1350000,2,2.0,1211
1820,1750000,5,3.5,2934
1821,865000,3,2.0,1450
1822,1100000,3,2.0,1184
1823,2378999,4,2.5,2364
1824,1200000,4,4.0,1930
1825,2248000,4,2.5,1955
1826,1138000,3,3.5,1712
1827,1118000,3,1.0,1316
1828,899999,3,1.0,1040
1829,1498000,4,2.0,1236
1830,839000,2,2.5,1473
1831,1600000,4,2.5,1768
1832,669000,3,1.0,1050
1833,880000,3,2.5,1886
1834,1500000,3,2.0,1108
1835,1190000,3,2.0,1128
1836,1299000,4,3.5,2126
1837,589000,1,1.0,831
1838,999000,6,3.0,3862
1839,2300000,6,4.0,3096
1840,595000,3,2.0,1176
1841,490000,1,1.0,667
1842,1999999,4,4.0,3231
1843,615000,1,1.0,687
1844,299000,2,2.0,1222
1845,685000,1,1.0,868
1847,510000,2,1.5,970
1848,850000,5,3.0,3003
1849,1350000,2,2.0,1211
1850,1750000,5,3.5,2934
1851,865000,3,2.0,1450
1852,1100000,3,2.0,1184
1853,2378999,4,2.5,2364
1854,1200000,4,4.0,1930
1855,2248000,4,2.5,1955
1856,1138000,3,3.5,1712
1857,1118000,3,1.0,1316
1858,899999,3,1.0,1040
1859,1498000,4,2.0,1236
1860,839000,2,2.5,1473
1861,1600000,4,2.5,1768
1862,669000,3,1.0,1050
1863,880000,3,2.5,1886
1864,1500000,3,2.0,1108
1865,1190000,3,2.0,1128
1866,1299000,4,3.5,2126
1867,589000,1,1.0,831
1868,999000,6,3.0,3862
1869,2300000,6,4.0,3096
1870,595000,3,2.0,1176
1871,490000,1,1.0,667
1872,1999999,4,4.0,3231
1873,615000,1,1.0,687
1874,299000,2,2.0,1222
1875,685000,1,1.0,868
1877,510000,2,1.5,970
1878,850000,5,3.0,3003
1879,1350000,2,2.0,1211
1880,1750000,5,3.5,2934
1881,865000,3,2.0,1450
1882,1100000,3,2.0,1184
1883,2378999,4,2.5,2364
1884,1200000,4,4.0,1930
1885,2248000,4,2.5,1955
1886,1138000,3,3.5,1712
1887,1118000,3,1.0,1316
1888,899999,3,1.0,1040
1889,1498000,4,2.0,1236
1890,839000,2,2.5,1473
1891,1600000,4,2.5,1768
1892,669000,3,1.0,1050
1893,880000,3,2.5,1886
1894,1500000,3,2.0,1108
1895,1190000,3,2.0,1128
1896,1299000,4,3.5,2126
1897,589000,1,1.0,831
1898,999000,6,3.0,3862
1899,2300000,6,4.0,3096
1900,595000,3,2.0,1176
1901,490000,1,1.0,667
1902,1999999,4,4.0,3231
1903,615000,1,1.0,687
1904,299000,2,2.0,1222
1905,685000,1,1.0,868
1907,510000,2,1.5,970
1908,850000,5,3.0,3003
1909,1350000,2,2.0,1211
1910,1750000,5,3.5,2934
1911,865000,3,2.0,1450
1912,1100000,3,2.0,1184
1913,2378999,4,2.5,2364
1914,1200000,4,4.0,1930
1915,2248000,4,2.5,1955
1916,1138000,3,3.5,1712
1917,1118000,3,1.0,1316
1918,899999,3,1.0,1040
1919,1498000,4,2.0,1236
1920,839000,2,2.5,1473
1921,1600000,4,2.5,1768
1922,669000,3,1.0,1050
1923,880000,3,2.5,1886
1924,1500000,3,2.0,1108
1925,1190000,3,2.0,1128
1926,1299000,4,3.5,2126
1927,589000,1,1.0,831
1928,999000,6,3.0,3862
1929,2300000,6,4.0,3096
1930,595000,3,2.0,1176
1931,490000,1,1.0,667
1932,1999999,4,4.0,3231
1933,615000,1,1.0,687
1934,299000,2,2.0,1222
1935,685000,1,1.0,868
1937,510000,2,1.5,970
1938,850000,5,3.0,3003
1939,1350000,2,2.0,1211
1940,1750000,5,3.5,2934
1941,865000,3,2.0,1450
1942,1100000,3,2.0,1184
1943,2378999,4,2.5,2364
1944,1200000,4,4.0,1930
1945,2248000,4,2.5,1955
1946,1138000,3,3.5,1712
1947,1118000,3,1.0,1316
1948,899999,3,1.0,1040
1949,1498000,4,2.0,1236
1950,839000,2,2.5,1473
1951,1600000,4,2.5,1768
1952,669000,3,1.0,1050
1953,880000,3,2.5,1886
1954,1500000,3,2.0,1108
1955,1190000,3,2.0,1128
1956,1299000,4,3.5,2126
1957,589000,1,1.0,831
1958,999000,6,3.0,3862
1959,2300000,6,4.0,3096
1960,595000,3,2.0,1176
1961,490000,1,1.0,667
1962,1999999,4,4.0,3231
1963,615000,1,1.0,687
1964,299000,2,2.0,1222
1965,685000,1,1.0,868
1967,510000,2,1.5,970
1968,850000,5,3.0,3003
1969,1350000,2,2.0,1211
1970,1750000,5,3.5,2934
1971,865000,3,2.0,1450
1972,1100000,3,2.0,1184
1973,2378999,4,2.5,2364
1974,1200000,4,4.0,1930
1975,2248000,4,2.5,1955
1976,1138000,3,3.5,1712
1977,1118000,3,1.0,1316
1978,899999,3,1.0,1040
1979,1498000,4,2.0,1236
1980,839000,2,2.5,1473
1981,1600000,4,2.5,1768
1982,669000,3,1.0,1050
1983,880000,3,2.5,1886
1984,1500000,3,2.0,1108
1985,1190000,3,2.0,1128
1986,1299000,4,3.5,2126
1987,589000,1,1.0,831
1988,999000,6,3.0,3862
1989,2300000,6,4.0,3096
1990,595000,3,2.0,1176
1991,490000,1,1.0,667
1992,1999999,4,4.0,3231
1993,615000,1,1.0,687
1994,299000,2,2.0,1222
1995,685000,1,1.0,868
1997,510000,2,1.5,970
1998,850000,5,3.0,3003
1999,1350000,2,2.0,1211
2000,1750000,5,3.5,2934
2001,865000,3,2.0,1450
2002,1100000,3,2.0,1184
2003,2378999,4,2.5,2364
2004,1200000,4,4.0,1930
2005,2248000,4,2.5,1955
2006,1138000,3,3.5,1712
2007,1118000,3,1.0,1316
2008,899999,3,1.0,1040
2009,1498000,4,2.0,1236
2010,839000,2,2.5,1473
2011,1600000,4,2.5,1768
2012,669000,3,1.0,1050
2013,880000,3,2.5,1886
2014,1500000,3,2.0,1108
2015,1190000,3,2.0,1128
2016,1299000,4,3.5,2126
2017,589000,1,1.0,831
2018,999000,6,3.0,3862
2019,2300000,6,4.0,3096
2020,595000,3,2.0,1176
2021,490000,1,1.0,667
2022,1999999,4,4.0,3231
2023,615000,1,1.0,687
2024,299000,2,2.0,1222
2025,685000,1,1.0,868
2027,510000,2,1.5,970
2028,850000,5,3.0,3003
2029,1350000,2,2.0,1211
2030,1750000,5,3.5,2934
2031,865000,3,2.0,1450
2032,1100000,3,2.0,1184
2033,2378999,4,2.5,2364
2034,1200000,4,4.0,1930
2035,2248000,4,2.5,1955
2036,1138000,3,3.5,1712
2037,1118000,3,1.0,1316
2038,899999,3,1.0,1040
2039,1498000,4,2.0,1236
2040,839000,2,2.5,1473
2041,1600000,4,2.5,1768
2042,669000,3,1.0,1050
2043,880000,3,2.5,1886
2044,1500000,3,2.0,1108
2045,1190000,3,2.0,1128
2046,1299000,4,3.5,2126
2047,589000,1,1.0,831
2048,999000,6,3.0,3862
2049,2300000,6,4.0,3096
2050,595000,3,2.0,1176
2051,490000,1,1.0,667
2052,1999999,4,4.0,3231
2053,615000,1,1.0,687
2054,299000,2,2.0,1222
2055,685000,1,1.0,868
2057,510000,2,1.5,970
2058,850000,5,3.0,3003
2059,1350000,2,2.0,1211
2060,1750000,5,3.5,2934
2061,865000,3,2.0,1450
2062,1100000,3,2.0,1184
2063,2378999,4,2.5,2364
2064,1200000,4,4.0,1930
2065,2248000,4,2.5,1955
2066,1138000,3,3.5,1712
2067,1118000,3,1.0,1316
2068,899999,3,1.0,1040
2069,1498000,4,2.0,1236
2070,839000,2,2.5,1473
2071,1600000,4,2.5,1768
2072,669000,3,1.0,1050
2073,880000,3,2.5,1886
2074,1500000,3,2.0,1108
2075,1190000,3,2.0,1128
2076,1299000,4,3.5,2126
2077,589000,1,1.0,831
2078,999000,6,3.0,3862
2079,2300000,6,4.0,3096
2080,595000,3,2.0,1176
2081,490000,1,1.0,667
2082,1999999,4,4.0,3231
2083,615000,1,1.0,687
2084,299000,2,2.0,1222
2085,685000,1,1.0,868
2087,510000,2,1.5,970
2088,850000,5,3.0,3003
2089,1350000,2,2.0,1211
2090,1750000,5,3.5,2934
2091,865000,3,2.0,1450
2092,1100000,3,2.0,1184
2093,2378999,4,2.5,2364
2094,1200000,4,4.0,1930
2095,2248000,4,2.5,1955
2096,1138000,3,3.5,1712
2097,1118000,3,1.0,1316
2098,899999,3,1.0,1040
2099,1498000,4,2.0,1236
2100,839000,2,2.5,1473
2101,1600000,4,2.5,1768
2102,669000,3,1.0,1050
2103,880000,3,2.5,1886
2104,1500000,3,2.0,1108
2105,1190000,3,2.0,1128
2106,1299000,4,3.5,2126
2107,589000,1,1.0,831
2108,999000,6,3.0,3862
2109,2300000,6,4.0,3096
2110,595000,3,2.0,1176
2111,490000,1,1.0,667
2112,1999999,4,4.0,3231
2113,615000,1,1.0,687
2114,299000,2,2.0,1222
2115,685000,1,1.0,868
2117,510000,2,1.5,970
2118,850000,5,3.0,3003
2119,1350000,2,2.0,1211
2120,1750000,5,3.5,2934
2121,865000,3,2.0,1450
2122,1100000,3,2.0,1184
2123,2378999,4,2.5,2364
2124,1200000,4,4.0,1930
2125,2248000,4,2.5,1955
2126,1138000,3,3.5,1712
2127,1118000,3,1.0,1316
2128,899999,3,1.0,1040
2129,1498000,4,2.0,1236
2130,839000,2,2.5,1473
2131,1600000,4,2.5,1768
2132,669000,3,1.0,1050
2133,880000,3,2.5,1886
2134,1500000,3,2.0,1108
2135,1190000,3,2.0,1128
2136,1299000,4,3.5,2126
2137,589000,1,1.0,831
2138,999000,6,3.0,3862
2139,2300000,6,4.0,3096
2140,595000,3,2.0,1176
2141,490000,1,1.0,667
2142,1999999,4,4.0,3231
2143,615000,1,1.0,687
2144,299000,2,2.0,1222
2145,685000,1,1.0,868
2147,510000,2,1.5,970
2148,850000,5,3.0,3003
2149,1350000,2,2.0,1211
2150,1750000,5,3.5,2934
2151,865000,3,2.0,1450
2152,1100000,3,2.0,1184
2153,2378999,4,2.5,2364
2154,1200000,4,4.0,1930
2155,2248000,4,2.5,1955
2156,1138000,3,3.5,1712
2157,1118000,3,1.0,1316
2158,899999,3,1.0,1040
2159,1498000,4,2.0,1236
2160,839000,2,2.5,1473
2161,1600000,4,2.5,1768
2162,669000,3,1.0,1050
2163,880000,3,2.5,1886
2164,1500000,3,2.0,1108
2165,1190000,3,2.0,1128
2166,1299000,4,3.5,2126
2167,589000,1,1.0,831
2168,999000,6,3.0,3862
2169,2300000,6,4.0,3096
2170,595000,3,2.0,1176
2171,490000,1,1.0,667
2172,1999999,4,4.0,3231
2173,615000,1,1.0,687
2174,299000,2,2.0,1222
2175,685000,1,1.0,868
2177,510000,2,1.5,970
2178,850000,5,3.0,3003
2179,1350000,2,2.0,1211
2180,1750000,5,3.5,2934
2181,865000,3,2.0,1450
2182,1100000,3,2.0,1184
2183,2378999,4,2.5,2364
2184,1200000,4,4.0,1930
2185,2248000,4,2.5,1955
2186,1138000,3,3.5,1712
2187,1118000,3,1.0,1316
2188,899999,3,1.0,1040
2189,1498000,4,2.0,1236
2190,839000,2,2.5,1473
2191,1600000,4,2.5,1768
2192,669000,3,1.0,1050
2193,880000,3,2.5,1886
2194,1500000,3,2.0,1108
2195,1190000,3,2.0,1128
2196,1299000,4,3.5,2126
2197,589000,1,1.0,831
2198,999000,6,3.0,3862
2199,2300000,6,4.0,3096
2200,595000,3,2.0,1176
2201,490000,1,1.0,667
2202,1999999,4,4.0,3231
2203,615000,1,1.0,687
2204,299000,2,2.0,1222
2205,685000,1,1.0,868
2207,510000,2,1.5,970
2208,850000,5,3.0,3003
2209,1350000,2,2.0,1211
2210,1750000,5,3.5,2934
2211,865000,3,2.0,1450
2212,1100000,3,2.0,1184
2213,2378999,4,2.5,2364
2214,1200000,4,4.0,1930
2215,2248000,4,2.5,1955
2216,1138000,3,3.5,1712
2217,1118000,3,1.0,1316
2218,899999,3,1.0,1040
2219,1498000,4,2.0,1236
2220,839000,2,2.5,1473
2221,1600000,4,2.5,1768
2222,669000,3,1.0,1050
2223,880000,3,2.5,1886
2224,1500000,3,2.0,1108
2225,1190000,3,2.0,1128
2226,1299000,4,3.5,2126
2227,589000,1,1.0,831
2228,999000,6,3.0,3862
2229,2300000,6,4.0,3096
2230,595000,3,2.0,1176
2231,490000,1,1.0,667
2232,1999999,4,4.0,3231
2233,615000,1,1.0,687
2234,299000,2,2.0,1222
2235,685000,1,1.0,868
2237,510000,2,1.5,970
2238,850000,5,3.0,3003
2239,1350000,2,2.0,1211
2240,1750000,5,3.5,2934
2241,865000,3,2.0,1450
2242,1100000,3,2.0,1184
2243,2378999,4,2.5,2364
2244,1200000,4,4.0,1930
2245,2248000,4,2.5,1955
2246,1138000,3,3.5,1712
2247,1118000,3,1.0,1316
2248,899999,3,1.0,1040
2249,1498000,4,2.0,1236
2250,839000,2,2.5,1473
2251,1600000,4,2.5,1768
2252,669000,3,1.0,1050
2253,880000,3,2.5,1886
2254,1500000,3,2.0,1108
2255,1190000,3,2.0,1128
2256,1299000,4,3.5,2126
2257,589000,1,1.0,831
2258,999000,6,3.0,3862
2259,2300000,6,4.0,3096
2260,595000,3,2.0,1176
2261,490000,1,1.0,667
2262,1999999,4,4.0,3231
2263,615000,1,1.0,687
2264,299000,2,2.0,1222
2265,685000,1,1.0,868
2267,510000,2,1.5,970
2268,850000,5,3.0,3003
2269,1350000,2,2.0,1211
2270,1750000,5,3.5,2934
2271,865000,3,2.0,1450
2272,1100000,3,2.0,1184
2273,2378999,4,2.5,2364
2274,1200000,4,4.0,1930
2275,2248000,4,2.5,1955
2276,1138000,3,3.5,1712
2277,1118000,3,1.0,1316
2278,899999,3,1.0,1040
2279,1498000,4,2.0,1236
2280,839000,2,2.5,1473
2281,1600000,4,2.5,1768
2282,669000,3,1.0,1050
2283,880000,3,2.5,1886
2284,1500000,3,2.0,1108
2285,1190000,3,2.0,1128
2286,1299000,4,3.5,2126
2287,589000,1,1.0,831
2288,999000,6,3.0,3862
2289,2300000,6,4.0,3096
2290,595000,3,2.0,1176
2291,490000,1,1.0,667
2292,1999999,4,4.0,3231
2293,615000,1,1.0,687
2294,299000,2,2.0,1222
2295,685000,1,1.0,868
2297,510000,2,1.5,970
2298,850000,5,3.0,3003
2299,1350000,2,2.0,1211
2300,1750000,5,3.5,2934
2301,865000,3,2.0,1450
2302,1100000,3,2.0,1184
2303,2378999,4,2.5,2364
2304,1200000,4,4.0,1930
2305,2248000,4,2.5,1955
2306,1138000,3,3.5,1712
2307,1118000,3,1.0,1316
2308,899999,3,1.0,1040
2309,1498000,4,2.0,1236
2310,839000,2,2.5,1473
2311,1600000,4,2.5,1768
2312,669000,3,1.0,1050
2313,880000,3,2.5,1886
2314,1500000,3,2.0,1108
2315,1190000,3,2.0,1128
2316,1299000,4,3.5,2126
2317,589000,1,1.0,831
2318,999000,6,3.0,3862
2319,2300000,6,4.0,3096
2320,595000,3,2.0,1176
2321,490000,1,1.0,667
2322,1999999,4,4.0,3231
2323,615000,1,1.0,687
2324,299000,2,2.0,1222
2325,685000,1,1.0,868
2327,510000,2,1.5,970
2328,850000,5,3.0,3003
2329,1350000,2,2.0,1211
2330,1750000,5,3.5,2934
2331,865000,3,2.0,1450
2332,1100000,3,2.0,1184
2333,2378999,4,2.5,2364
2334,1200000,4,4.0,1930
2335,2248000,4,2.5,1955
2336,1138000,3,3.5,1712
2337,1118000,3,1.0,1316
2338,899999,3,1.0,1040
2339,1498000,4,2.0,1236
2340,839000,2,2.5,1473
2341,1600000,4,2.5,1768
2342,669000,3,1.0,1050
2343,880000,3,2.5,1886
2344,1500000,3,2.0,1108
2345,1190000,3,2.0,1128
2346,1299000,4,3.5,2126
2347,589000,1,1.0,831
2348,999000,6,3.0,3862
2349,2300000,6,4.0,3096
2350,595000,3,2.0,1176
2351,490000,1,1.0,667
2352,1999999,4,4.0,3231
2353,615000,1,1.0,687
2354,299000,2,2.0,1222
2355,685000,1,1.0,868
2357,510000,2,1.5,970
2358,850000,5,3.0,3003
2359,1350000,2,2.0,1211
2360,1750000,5,3.5,2934
2361,865000,3,2.0,1450
2362,1100000,3,2.0,1184
2363,2378999,4,2.5,2364
2364,1200000,4,4.0,1930
2365,2248000,4,2.5,1955
2366,1138000,3,3.5,1712
2367,1118000,3,1.0,1316
2368,899999,3,1.0,1040
2369,1498000,4,2.0,1236
2370,839000,2,2.5,1473
2371,1600000,4,2.5,1768
2372,669000,3,1.0,1050
2373,880000,3,2.5,1886
2374,1500000,3,2.0,1108
2375,1190000,3,2.0,1128
2376,1299000,4,3.5,2126
2377,589000,1,1.0,831
2378,999000,6,3.0,3862
2379,2300000,6,4.0,3096
2380,595000,3,2.0,1176
2381,490000,1,1.0,667
2382,1999999,4,4.0,3231
2383,615000,1,1.0,687
2384,299000,2,2.0,1222
2385,685000,1,1.0,868
2387,510000,2,1.5,970
2388,850000,5,3.0,3003
2389,1350000,2,2.0,1211
2390,1750000,5,3.5,2934
2391,865000,3,2.0,1450
2392,1100000,3,2.0,1184
2393,2378999,4,2.5,2364
2394,1200000,4,4.0,1930
2395,2248000,4,2.5,1955
2396,1138000,3,3.5,1712
2397,1118000,3,1.0,1316
2398,899999,3,1.0,1040
2399,1498000,4,2.0,1236
2400,839000,2,2.5,1473
2401,1600000,4,2.5,1768
2402,669000,3,1.0,1050
2403,880000,3,2.5,1886
2404,1500000,3,2.0,1108
2405,1190000,3,2.0,1128
2406,1299000,4,3.5,2126
2407,589000,1,1.0,831
2408,999000,6,3.0,3862
2409,2300000,6,4.0,3096
2410,595000,3,2.0,1176
2411,490000,1,1.0,667
2412,1999999,4,4.0,3231
2413,615000,1,1.0,687
2414,299000,2,2.0,1222
2415,685000,1,1.0,868
2417,510000,2,1.5,970
2418,850000,5,3.0,3003
2419,1350000,2,2.0,1211
2420,1750000,5,3.5,2934
2421,865000,3,2.0,1450
2422,1100000,3,2.0,1184
2423,2378999,4,2.5,2364
2424,1200000,4,4.0,1930
2425,2248000,4,2.5,1955
2426,1138000,3,3.5,1712
2427,1118000,3,1.0,1316
2428,899999,3,1.0,1040
2429,1498000,4,2.0,1236
2430,839000,2,2.5,1473
2431,1600000,4,2.5,1768
2432,669000,3,1.0,1050
2433,880000,3,2.5,1886
2434,1500000,3,2.0,1108
2435,1190000,3,2.0,1128
2436,1299000,4,3.5,2126
2437,589000,1,1.0,831
2438,999000,6,3.0,3862
2439,2300000,6,4.0,3096
2440,595000,3,2.0,1176
2441,490000,1,1.0,667
2442,1999999,4,4.0,3231
2443,615000,1,1.0,687
2444,299000,2,2.0,1222
2445,685000,1,1.0,868
2447,510000,2,1.5,970
2448,850000,5,3.0,3003
2449,1350000,2,2.0,1211
2450,1750000,5,3.5,2934
2451,865000,3,2.0,1450
2452,1100000,3,2.0,1184
2453,2378999,4,2.5,2364
2454,1200000,4,4.0,1930
2455,2248000,4,2.5,1955
2456,1138000,3,3.5,1712
2457,1118000,3,1.0,1316
2458,899999,3,1.0,1040
2459,1498000,4,2.0,1236
2460,839000,2,2.5,1473
2461,1600000,4,2.5,1768
2462,669000,3,1.0,1050
2463,880000,3,2.5,1886
2464,1500000,3,2.0,1108
2465,1190000,3,2.0,1128
2466,1299000,4,3.5,2126
2467,589000,1,1.0,831
2468,999000,6,3.0,3862
2469,2300000,6,4.0,3096
2470,595000,3,2.0,1176
2471,490000,1,1.0,667
2472,1999999,4,4.0,3231
2473,615000,1,1.0,687
2474,299000,2,2.0,1222
2475,685000,1,1.0,868
2477,510000,2,1.5,970
2478,850000,5,3.0,3003
2479,1350000,2,2.0,1211
2480,1750000,5,3.5,2934
2481,865000,3,2.0,1450
2482,1100000,3,2.0,1184
2483,2378999,4,2.5,2364
2484,1200000,4,4.0,1930
2485,2248000,4,2.5,1955
2486,1138000,3,3.5,1712
2487,1118000,3,1.0,1316
2488,899999,3,1.0,1040
2489,1498000,4,2.0,1236
2490,839000,2,2.5,1473
2491,1600000,4,2.5,1768
2492,669000,3,1.0,1050
2493,880000,3,2.5,1886
2494,1500000,3,2.0,1108
2495,1190000,3,2.0,1128
2496,1299000,4,3.5,2126
2497,589000,1,1.0,831
2498,999000,6,3.0,3862
2499,2300000,6,4.0,3096
2500,595000,3,2.0,1176
2501,490000,1,1.0,667
2502,1999999,4,4.0,3231
2503,615000,1,1.0,687
2504,299000,2,2.0,1222
2505,685000,1,1.0,868
2507,510000,2,1.5,970
2508,850000,5,3.0,3003
2509,1350000,2,2.0,1211
2510,1750000,5,3.5,2934
2511,865000,3,2.0,1450
2512,1100000,3,2.0,1184
2513,2378999,4,2.5,2364
2514,1200000,4,4.0,1930
2515,2248000,4,2.5,1955
2516,1138000,3,3.5,1712
2517,1118000,3,1.0,1316
2518,899999,3,1.0,1040
2519,1498000,4,2.0,1236
2520,839000,2,2.5,1473
2521,1600000,4,2.5,1768
2522,669000,3,1.0,1050
2523,880000,3,2.5,1886
2524,1500000,3,2.0,1108
2525,1190000,3,2.0,1128
2526,1299000,4,3.5,2126
2527,589000,1,1.0,831
2528,999000,6,3.0,3862
2529,2300000,6,4.0,3096
2530,595000,3,2.0,1176
2531,490000,1,1.0,667
2532,1999999,4,4.0,3231
2533,615000,1,1.0,687
2534,299000,2,2.0,1222
2535,685000,1,1.0,868
2537,510000,2,1.5,970
2538,850000,5,3.0,3003
2539,1350000,2,2.0,1211
2540,1750000,5,3.5,2934
2541,865000,3,2.0,1450
2542,1100000,3,2.0,1184
2543,2378999,4,2.5,2364
2544,1200000,4,4.0,1930
2545,2248000,4,2.5,1955
2546,1138000,3,3.5,1712
2547,1118000,3,1.0,1316
2548,899999,3,1.0,1040
2549,1498000,4,2.0,1236
2550,839000,2,2.5,1473
2551,1600000,4,2.5,1768
2552,669000,3,1.0,1050
2553,880000,3,2.5,1886
2554,1500000,3,2.0,1108
2555,1190000,3,2.0,1128
2556,1299000,4,3.5,2126
2557,589000,1,1.0,831
2558,999000,6,3.0,3862
2559,2300000,6,4.0,3096
2560,595000,3,2.0,1176
2561,490000,1,1.0,667
2562,1999999,4,4.0,3231
2563,615000,1,1.0,687
2564,299000,2,2.0,1222
2565,685000,1,1.0,868
2567,510000,2,1.5,970
2568,850000,5,3.0,3003
2569,1350000,2,2.0,1211
2570,1750000,5,3.5,2934
2571,865000,3,2.0,1450
2572,1100000,3,2.0,1184
2573,2378999,4,2.5,2364
2574,1200000,4,4.0,1930
2575,2248000,4,2.5,1955
2576,1138000,3,3.5,1712
2577,1118000,3,1.0,1316
2578,899999,3,1.0,1040
2579,1498000,4,2.0,1236
2580,839000,2,2.5,1473
2581,1600000,4,2.5,1768
2582,669000,3,1.0,1050
2583,880000,3,2.5,1886
2584,1500000,3,2.0,1108
2585,1190000,3,2.0,1128
2586,1299000,4,3.5,2126
2587,589000,1,1.0,831
